{
    "detection_accuracy": 0.12951807228915663,
    "average_confidence": 0.7288988537566606,
    "detection_time": 54.81702280044556
}